{
    "metrics": {
        "http_req_failed": {
            "passes": 0,
            "fails": 90003,
            "thresholds": {
                "rate<0.5": false
            },
            "value": 0
        },
        "vus": {
            "value": 100,
            "min": 100,
            "max": 100
        },
        "data_sent": {
            "count": 6300405,
            "rate": 3497.7090939623695
        },
        "iterations": {
            "rate": 49.96406079555413,
            "count": 90000
        },
        "data_received": {
            "count": 26371092,
            "rate": 14640.07604370168
        },
        "http_req_blocked": {
            "avg": 0.006383529437907625,
            "min": 0,
            "med": 0,
            "max": 6.616,
            "p(90)": 0,
            "p(95)": 0
        },
        "http_req_tls_handshaking": {
            "p(95)": 0,
            "avg": 0,
            "min": 0,
            "med": 0,
            "max": 0,
            "p(90)": 0
        },
        "http_req_sending": {
            "avg": 0.0018886014910614098,
            "min": 0,
            "med": 0,
            "max": 2.5659,
            "p(90)": 0,
            "p(95)": 0
        },
        "http_req_waiting": {
            "avg": 1.001163794540193,
            "min": 0,
            "med": 0.5428,
            "max": 65.7093,
            "p(90)": 1.65,
            "p(95)": 2.3095
        },
        "checks": {
            "passes": 180000,
            "fails": 0,
            "value": 1
        },
        "iteration_duration": {
            "min": 2000,
            "med": 2001.0597,
            "max": 2071.9743,
            "p(90)": 2002.1869,
            "p(95)": 2002.8337,
            "avg": 2001.4200601511113
        },
        "http_req_duration": {
            "avg": 1.0616587835961075,
            "min": 0,
            "med": 0.5535,
            "max": 65.7093,
            "p(90)": 1.6934,
            "p(95)": 2.558479999999987
        },
        "http_req_receiving": {
            "p(90)": 0.507,
            "p(95)": 0.5293,
            "avg": 0.05860638756485911,
            "min": 0,
            "med": 0,
            "max": 2.1955
        },
        "http_req_duration{expected_response:true}": {
            "med": 0.5535,
            "max": 65.7093,
            "p(90)": 1.6934,
            "p(95)": 2.558479999999987,
            "avg": 1.0616587835961075,
            "min": 0
        },
        "http_req_connecting": {
            "avg": 0.001824550292768017,
            "min": 0,
            "med": 0,
            "max": 3.5539,
            "p(90)": 0,
            "p(95)": 0
        },
        "http_reqs": {
            "rate": 49.965726264247316,
            "count": 90003
        },
        "vus_max": {
            "value": 100,
            "min": 100,
            "max": 100
        }
    },
    "setup_data": {
        "crashBody": null,
        "crashStatus": null,
        "crashTriggered": false
    },
    "root_group": {
        "name": "",
        "path": "",
        "id": "d41d8cd98f00b204e9800998ecf8427e",
        "groups": {},
        "checks": {
                "backend responds with 200": {
                    "passes": 90000,
                    "fails": 0,
                    "name": "backend responds with 200",
                    "path": "::backend responds with 200",
                    "id": "420024626e0f7742906536bb1f61db93"
                },
                "root page is returned": {
                    "path": "::root page is returned",
                    "id": "004729bdd2e07455a32119cd314edb48",
                    "passes": 90000,
                    "fails": 0,
                    "name": "root page is returned"
                }
            }
    }
}