{
    "root_group": {
        "checks": {
            "payment endpoint returns success": {
                "name": "payment endpoint returns success",
                "path": "::payment endpoint returns success",
                "id": "0b7720a202fe1e62ba0e5c99675faea4",
                "passes": 2806,
                "fails": 1
            },
            "payment response has ok=true": {
                "passes": 2806,
                "fails": 1,
                "name": "payment response has ok=true",
                "path": "::payment response has ok=true",
                "id": "d6a0231b3ffb16362bb264252f09c2e3"
            }
        },
        "name": "",
        "path": "",
        "id": "d41d8cd98f00b204e9800998ecf8427e",
        "groups": {}
    },
    "metrics": {
        "http_req_failed": {
            "passes": 1,
            "fails": 2808,
            "thresholds": {
                "rate<0.3": false
            },
            "value": 0.000355998576005696
        },
        "http_req_tls_handshaking": {
            "min": 0,
            "med": 0,
            "max": 0,
            "p(90)": 0,
            "p(95)": 0,
            "avg": 0
        },
        "iterations": {
            "count": 2807,
            "rate": 1.5574581854005067
        },
        "http_req_connecting": {
            "p(95)": 0,
            "avg": 0.0029354218583125665,
            "min": 0,
            "med": 0,
            "max": 1.7841,
            "p(90)": 0
        },
        "data_sent": {
            "count": 1560979,
            "rate": 866.1059924432838
        },
        "vus_max": {
            "value": 10,
            "min": 10,
            "max": 10
        },
        "iteration_duration": {
            "med": 5357.9935,
            "max": 5978.4784,
            "p(90)": 5626.56196,
            "p(95)": 5646.7082199999995,
            "avg": 5408.386363056639,
            "min": 5246.6108
        },
        "data_received": {
            "count": 782849,
            "rate": 434.3621599510514
        },
        "vus": {
            "min": 1,
            "max": 10,
            "value": 1
        },
        "http_reqs": {
            "count": 2809,
            "rate": 1.558567881293204
        },
        "http_req_blocked": {
            "p(95)": 0,
            "avg": 0.008398362406550374,
            "min": 0,
            "med": 0,
            "max": 6.8252,
            "p(90)": 0
        },
        "http_req_receiving": {
            "p(95)": 1.43414,
            "avg": 0.6471593093627613,
            "min": 0,
            "med": 0.4945,
            "max": 14.2707,
            "p(90)": 1.1787800000000002
        },
        "http_req_waiting": {
            "avg": 407.04295564257785,
            "min": 245.2765,
            "med": 356.6097,
            "max": 976.7025,
            "p(90)": 625.4594,
            "p(95)": 645.5701799999999
        },
        "checks": {
            "passes": 5612,
            "fails": 2,
            "value": 0.9996437477734236
        },
        "http_req_duration": {
            "avg": 407.6992915628329,
            "min": 246.1394,
            "med": 357.3819,
            "max": 977.7375,
            "p(90)": 626.2267400000001,
            "p(95)": 646.13532,
            "thresholds": {
                "p(95)<5000": false
            }
        },
        "http_req_duration{expected_response:true}": {
            "min": 254.5385,
            "med": 357.40115,
            "max": 977.7375,
            "p(90)": 626.22901,
            "p(95)": 646.144355,
            "avg": 407.75682713675144
        },
        "http_req_sending": {
            "avg": 0.009176610893556423,
            "min": 0,
            "med": 0,
            "max": 0.8452,
            "p(90)": 0,
            "p(95)": 0
        }
    },
    "setup_data": {
        "cart": [
            {
                "name": "NUS T-shirt Copy 6",
                "price": 4.99,
                "_id": "000000000000000000000006"
            },
            {
                "_id": "000000000000000000000005",
                "name": "The Law of Contract in Singapore Copy 5",
                "price": 54.99
            }
        ],
        "token": "eyJhbGciOiJIUzI1NiIsInR5cCI6IkpXVCJ9.eyJfaWQiOiI2OWQ5ZTI0ZTJiYmQzZGE3N2NhNTU0NzQiLCJpYXQiOjE3NzU4ODY5NTEsImV4cCI6MTc3NjQ5MTc1MX0.jiyRwKbR5PiYnjSo6hKvIsIK9nbqB5ux1kWbBY8-ROA"
    }
}