{
    "root_group": {
        "id": "d41d8cd98f00b204e9800998ecf8427e",
        "groups": {},
        "checks": {
                "product filters endpoint returns 200": {
                    "name": "product filters endpoint returns 200",
                    "path": "::product filters endpoint returns 200",
                    "id": "6780e452959cc6099c20fac443145105",
                    "passes": 9287,
                    "fails": 0
                }
            },
        "name": "",
        "path": ""
    },
    "metrics": {
        "checks": {
            "passes": 9287,
            "fails": 0,
            "value": 1
        },
        "http_req_failed": {
            "passes": 0,
            "fails": 9288,
            "thresholds": {
                "rate<0.2": false
            },
            "value": 0
        },
        "http_req_duration": {
            "avg": 3110.076748352719,
            "min": 229.1505,
            "med": 2436.6728000000003,
            "max": 11900.0594,
            "p(90)": 6078.050070000002,
            "p(95)": 7234.556825
        },
        "http_req_sending": {
            "med": 0,
            "max": 0.8497,
            "p(90)": 0,
            "p(95)": 0,
            "avg": 0.007898374246339365,
            "min": 0
        },
        "data_sent": {
            "count": 1894646,
            "rate": 1047.7519407497525
        },
        "iterations": {
            "count": 9287,
            "rate": 5.135773265160326
        },
        "http_req_connecting": {
            "p(95)": 0,
            "avg": 0.004220381136950904,
            "min": 0,
            "med": 0,
            "max": 1.6297,
            "p(90)": 0
        },
        "http_req_tls_handshaking": {
            "avg": 0,
            "min": 0,
            "med": 0,
            "max": 0,
            "p(90)": 0,
            "p(95)": 0
        },
        "http_req_receiving": {
            "max": 50.3627,
            "p(90)": 16.503440000000005,
            "p(95)": 22.412234999999995,
            "avg": 4.443829037467703,
            "min": 0,
            "med": 0.852
        },
        "iteration_duration": {
            "p(90)": 11078.75174,
            "p(95)": 12235.777159999998,
            "avg": 8111.078677743092,
            "min": 5229.8206,
            "med": 7437.8539,
            "max": 16901.2019
        },
        "http_req_waiting": {
            "min": 226.3259,
            "med": 2436.06635,
            "max": 11892.4525,
            "p(90)": 6072.083990000002,
            "p(95)": 7227.852334999998,
            "avg": 3105.6250209410073
        },
        "http_reqs": {
            "count": 9288,
            "rate": 5.136326271864877
        },
        "vus": {
            "value": 1,
            "min": 0,
            "max": 50
        },
        "vus_max": {
            "value": 50,
            "min": 50,
            "max": 50
        },
        "data_received": {
            "count": 5422147083,
            "rate": 2998483.689957839
        },
        "http_req_duration{expected_response:true}": {
            "p(90)": 6078.050070000002,
            "p(95)": 7234.556825,
            "avg": 3110.076748352719,
            "min": 229.1505,
            "med": 2436.6728000000003,
            "max": 11900.0594
        },
        "http_req_blocked": {
            "p(95)": 0,
            "avg": 0.006788695090439275,
            "min": 0,
            "med": 0,
            "max": 4.9927,
            "p(90)": 0
        }
    },
    "setup_data": {
        "categoryIds": [
            "66db427fdb0119d9234b27ed",
            "66db427fdb0119d9234b27ef",
            "66db427fdb0119d9234b27ee"
        ]
    }
}