{
    "setup_data": {
        "categoryIds": [
            "66db427fdb0119d9234b27ed",
            "66db427fdb0119d9234b27ef",
            "66db427fdb0119d9234b27ee"
        ]
    },
    "root_group": {
        "id": "d41d8cd98f00b204e9800998ecf8427e",
        "groups": {},
        "checks": {
                "product filters endpoint returns 200": {
                    "name": "product filters endpoint returns 200",
                    "path": "::product filters endpoint returns 200",
                    "id": "6780e452959cc6099c20fac443145105",
                    "passes": 32,
                    "fails": 1142
                }
            },
        "name": "",
        "path": ""
    },
    "metrics": {
        "vus_max": {
            "min": 50,
            "max": 50,
            "value": 50
        },
        "http_req_failed": {
            "passes": 1142,
            "fails": 33,
            "thresholds": {
                "rate<0.2": true
            },
            "value": 0.9719148936170213
        },
        "data_received": {
            "rate": 55232.60070710046,
            "count": 100756053
        },
        "http_req_blocked": {
            "p(95)": 1.3749799999999999,
            "avg": 0.7841052765957452,
            "min": 0,
            "med": 0.715,
            "max": 5.8129,
            "p(90)": 1.2595600000000007
        },
        "http_reqs": {
            "count": 1175,
            "rate": 0.6441132209778309
        },
        "iteration_duration": {
            "med": 65001.8116,
            "max": 65012.5482,
            "p(90)": 65002.455830000006,
            "p(95)": 65002.6145,
            "avg": 64188.44655435894,
            "min": 16282.6983
        },
        "http_req_connecting": {
            "avg": 0.6948016170212771,
            "min": 0,
            "med": 0.6203,
            "max": 1.9498,
            "p(90)": 1.21062,
            "p(95)": 1.31453
        },
        "http_req_receiving": {
            "p(95)": 0,
            "avg": 0.7566922553191492,
            "min": 0,
            "med": 0,
            "max": 76.896,
            "p(90)": 0
        },
        "http_req_duration": {
            "p(95)": 60000.70009,
            "avg": 59139.117918468095,
            "min": 207.9069,
            "med": 59999.9656,
            "max": 60001.5738,
            "p(90)": 60000.53128
        },
        "checks": {
            "passes": 32,
            "fails": 1142,
            "value": 0.027257240204429302
        },
        "http_req_tls_handshaking": {
            "min": 0,
            "med": 0,
            "max": 0,
            "p(90)": 0,
            "p(95)": 0,
            "avg": 0
        },
        "http_req_waiting": {
            "avg": 59138.23774255316,
            "min": 207.9069,
            "med": 59999.8293,
            "max": 60001.5738,
            "p(90)": 60000.45738,
            "p(95)": 60000.61826
        },
        "http_req_sending": {
            "min": 0,
            "med": 0,
            "max": 11.3749,
            "p(90)": 0.5318,
            "p(95)": 0.5636199999999999,
            "avg": 0.12348365957446804
        },
        "http_req_duration{expected_response:true}": {
            "avg": 29348.73300909091,
            "min": 207.9069,
            "med": 28394.1664,
            "max": 53453.4079,
            "p(90)": 45523.447,
            "p(95)": 47225.177639999994
        },
        "vus": {
            "max": 50,
            "value": 1,
            "min": 1
        },
        "iterations": {
            "count": 1170,
            "rate": 0.6413723136545209
        },
        "data_sent": {
            "count": 244082,
            "rate": 133.8012282576263
        }
    }
}