{
    "root_group": {
        "name": "",
        "path": "",
        "id": "d41d8cd98f00b204e9800998ecf8427e",
        "groups": {},
        "checks": {
                "product list endpoint returns 200": {
                    "path": "::product list endpoint returns 200",
                    "id": "86cb44e6a40e91f63406df9a381078aa",
                    "passes": 104244,
                    "fails": 0,
                    "name": "product list endpoint returns 200"
                }
            }
    },
    "metrics": {
        "checks": {
            "passes": 104244,
            "fails": 0,
            "value": 1
        },
        "http_req_duration": {
            "avg": 190.20633970012622,
            "min": 169.9941,
            "med": 183.99714999999998,
            "max": 2878.2043,
            "p(90)": 198.51917,
            "p(95)": 203.2929
        },
        "http_req_duration{expected_response:true}": {
            "avg": 190.20633970012622,
            "min": 169.9941,
            "med": 183.99714999999998,
            "max": 2878.2043,
            "p(90)": 198.51917,
            "p(95)": 203.2929
        },
        "iterations": {
            "count": 104244,
            "rate": 43.37257136050359
        },
        "http_reqs": {
            "rate": 43.37257136050359,
            "count": 104244
        },
        "http_req_tls_handshaking": {
            "med": 0,
            "max": 0,
            "p(90)": 0,
            "p(95)": 0,
            "avg": 0,
            "min": 0
        },
        "http_req_receiving": {
            "max": 4.6122,
            "p(90)": 0.9467,
            "p(95)": 1.0352,
            "avg": 0.41315356279497106,
            "min": 0,
            "med": 0.36195
        },
        "http_req_waiting": {
            "avg": 189.78947798434143,
            "min": 169.9941,
            "med": 183.57715000000002,
            "max": 2876.9176,
            "p(90)": 198.0774,
            "p(95)": 202.88893499999992
        },
        "http_req_connecting": {
            "p(95)": 0,
            "avg": 0.0018196826675875822,
            "min": 0,
            "med": 0,
            "max": 1.5701,
            "p(90)": 0
        },
        "http_req_sending": {
            "avg": 0.0037081529872222854,
            "min": 0,
            "med": 0,
            "max": 1.0174,
            "p(90)": 0,
            "p(95)": 0
        },
        "vus_max": {
            "value": 300,
            "min": 300,
            "max": 300
        },
        "data_received": {
            "count": 229667553,
            "rate": 95557.27266494706
        },
        "http_req_blocked": {
            "avg": 0.003163041517977054,
            "min": 0,
            "med": 0,
            "max": 6.2571,
            "p(90)": 0,
            "p(95)": 0
        },
        "vus": {
            "value": 1,
            "min": 1,
            "max": 300
        },
        "http_req_failed": {
            "passes": 0,
            "fails": 104244,
            "thresholds": {
                "rate<0.2": false
            },
            "value": 0
        },
        "iteration_duration": {
            "med": 5184.4615,
            "max": 7878.715,
            "p(90)": 5198.9881,
            "p(95)": 5203.727755,
            "avg": 5190.67585088253,
            "min": 5171.021
        },
        "data_sent": {
            "count": 10320156,
            "rate": 4293.884564689856
        }
    }
}