{
    "metrics": {
        "data_received": {
            "count": 648538799,
            "rate": 359785.2114436203
        },
        "http_req_failed": {
            "passes": 0,
            "fails": 13851,
            "thresholds": {
                "rate<0.2": false
            },
            "value": 0
        },
        "vus_max": {
            "value": 50,
            "min": 50,
            "max": 50
        },
        "http_req_connecting": {
            "avg": 0.0028622048949534327,
            "min": 0,
            "med": 0,
            "max": 1.6603,
            "p(90)": 0,
            "p(95)": 0
        },
        "http_req_duration{expected_response:true}": {
            "max": 1845.2473,
            "p(90)": 584.6516,
            "p(95)": 722.33545,
            "avg": 434.83484669699095,
            "min": 165.8168,
            "med": 391.431
        },
        "data_sent": {
            "count": 1364391,
            "rate": 756.9133954417006
        },
        "http_req_tls_handshaking": {
            "p(90)": 0,
            "p(95)": 0,
            "avg": 0,
            "min": 0,
            "med": 0,
            "max": 0
        },
        "checks": {
            "passes": 13851,
            "fails": 0,
            "value": 1
        },
        "iterations": {
            "count": 13851,
            "rate": 7.684019786309785
        },
        "http_req_duration": {
            "avg": 434.83484669699095,
            "min": 165.8168,
            "med": 391.431,
            "max": 1845.2473,
            "p(90)": 584.6516,
            "p(95)": 722.33545,
            "thresholds": {
                "p(95)<3000": false
            }
        },
        "http_req_receiving": {
            "p(90)": 0.9993,
            "p(95)": 1.20905,
            "avg": 0.505584492094433,
            "min": 0,
            "med": 0.2911,
            "max": 15.3287
        },
        "http_reqs": {
            "count": 13851,
            "rate": 7.684019786309785
        },
        "http_req_blocked": {
            "avg": 0.0045313551368132265,
            "min": 0,
            "med": 0,
            "max": 2.6426,
            "p(90)": 0,
            "p(95)": 0
        },
        "http_req_waiting": {
            "med": 390.8763,
            "max": 1845.1077,
            "p(90)": 584.3234,
            "p(95)": 721.75085,
            "avg": 434.3240801819382,
            "min": 165.4204
        },
        "iteration_duration": {
            "p(95)": 5723.11455,
            "avg": 5435.5074992997115,
            "min": 5170.1896,
            "med": 5392.0078,
            "max": 6846.8298,
            "p(90)": 5585.4154
        },
        "http_req_sending": {
            "min": 0,
            "med": 0,
            "max": 1.0291,
            "p(90)": 0,
            "p(95)": 0,
            "avg": 0.005182022958631145
        },
        "vus": {
            "value": 1,
            "min": 1,
            "max": 50
        }
    },
    "root_group": {
        "id": "d41d8cd98f00b204e9800998ecf8427e",
        "groups": {},
        "checks": {
                "search endpoint returns 200": {
                    "name": "search endpoint returns 200",
                    "path": "::search endpoint returns 200",
                    "id": "d27f699f108ae2296463ae764976246e",
                    "passes": 13851,
                    "fails": 0
                }
            },
        "name": "",
        "path": ""
    }
}